#SpecFile	SpecID	ScanNum	FragMethod	Precursor	IsotopeError	PrecursorError(ppm)	Charge	Peptide	Protein	DeNovoScore	MSGFScore	SpecEValue	EValue	QValue	PepQValue
OR20070924_S_mix7_11.mzXML	scan=1046	1046	CID	1224.5974	0	-1.8939543	2	VIPAADLSEQISTAGTEASGTGNMK	P00489|PYGM_RABIT(pre=K,post=F)	259	213	1.11004415E-20	1.6495256E-16	0.0	0.0
OR20070924_S_mix7_11.mzXML	scan=1063	1063	CID	899.4483	0	-3.1214783	3	IAAYGPHAANVVGLTDQTDLFYTMK	P00634|PPB_ECOLI(pre=R,post=A)	109	77	1.737497E-17	2.5819207E-13	0.0	0.0
OR20070924_S_mix7_11.mzXML	scan=997	997	CID	627.5479	0	-2.6260066	4	HQGVMVGMGQKDSYVGDEAQSKR	P62739|ACTA_BOVIN(pre=R,post=G)	52	34	2.3209616E-17	3.448949E-13	0.0	0.0
OR20070924_S_mix7_11.mzXML	scan=1045	1045	CID	816.7335	0	-2.4661107	3	VIPAADLSEQISTAGTEASGTGNMK	P00489|PYGM_RABIT(pre=K,post=F)	115	73	1.3466017E-16	2.0010502E-12	0.0	0.0
OR20070924_S_mix7_11.mzXML	scan=1048	1048	CID	849.3636	0	-1.8683531	3	WSGFSGGAIEC+57.021ETAENTEEC+57.021IAK	Q29443|TRFE_BOVIN(pre=R,post=I)	120	88	1.5083395E-16	2.2413926E-12	0.0	0.0
OR20070924_S_mix7_11.mzXML	scan=1086	1086	CID	723.90857	0	7.841203	2	TMITDSLAVVLQR	P00722|BGAL_ECOLI(pre=M,post=R)	112	111	2.096805E-16	3.115433E-12	0.0	0.0
OR20070924_S_mix7_11.mzXML	scan=1051	1051	CID	580.9466	0	-5.0429296	3	GAGAFGYFEVTHDITR	P00432|CATA_BOVIN(pre=K,post=Y)	67	53	5.1213296E-14	7.610296E-10	0.0	0.0
OR20070924_S_mix7_11.mzXML	scan=1041	1041	CID	993.0812	0	-3.5646899	3	C+57.021DRWSGFSGGAIEC+57.021ETAENTEEC+57.021IAK	Q29443|TRFE_BOVIN(pre=K,post=I)	59	25	5.5130064E-14	8.192328E-10	0.0	0.0
OR20070924_S_mix7_11.mzXML	scan=1027	1027	CID	909.7224	0	-3.4216835	3	DGAVMVMSYGNSEEDSQEHTGSQLR	P00634|PPB_ECOLI(pre=K,post=I)	94	50	9.511845E-14	1.4134602E-9	0.0	0.0
OR20070924_S_mix7_11.mzXML	scan=1022	1022	CID	677.56305	0	-4.8643184	4	KQYAYGAQHDYFDHHDIVGWTR	P06278|AMY_BACLI(pre=R,post=E)	50	22	1.0482199E-13	1.5576548E-9	0.0	0.0
OR20070924_S_mix7_11.mzXML	scan=1098	1098	CID	1083.9108	0	6.194153	3	IAAYGPHAANVVGLTDQTDLFYTMKAALGLK	P00634|PPB_ECOLI(pre=R,post=-)	57	13	1.7593345E-13	2.6143712E-9	0.0	0.0
OR20070924_S_mix7_11.mzXML	scan=1028	1028	CID	738.3599	0	-3.0585272	3	TGKPDYVTDSAASATAWSTGVK	P00634|PPB_ECOLI(pre=K,post=T)	102	62	1.9538093E-13	2.9033607E-9	0.0	0.0
OR20070924_S_mix7_11.mzXML	scan=1013	1013	CID	915.0569	0	-0.2668037	3	DGAVM+15.995VMSYGNSEEDSQEHTGSQLR	P00634|PPB_ECOLI(pre=K,post=I)	72	25	1.1524994E-12	1.712614E-8	0.0	0.0
OR20070924_S_mix7_11.mzXML	scan=1071	1071	CID	1362.0511	1	-3.5703087	3	RLTGDQTAALRDSLSDKPAKNIILLIGDGMGDSEITAAR	P00634|PPB_ECOLI(pre=R,post=N)	32	-28	1.5008345E-12	2.23024E-8	0.0	0.0
OR20070924_S_mix7_11.mzXML	scan=1450	1450	CID	1084.5714	2	-1.4252383	3	IAAYGPHAANVVGLTDQTDLFYTMKAALGLK	P00634|PPB_ECOLI(pre=R,post=-)	75	12	1.9374274E-12	2.8790172E-8	0.0	0.0
OR20070924_S_mix7_11.mzXML	scan=991	991	CID	592.80206	0	-4.2213597	2	AAQGDITAPGGAR	P00634|PPB_ECOLI(pre=R,post=R)	71	58	2.2658737E-12	3.3666353E-8	0.0	0.0
OR20070924_S_mix7_11.mzXML	scan=999	999	CID	722.3231	0	-2.1124558	2	YIC+57.021DNQDTISSK	P02769|ALBU_BOVIN(pre=K,post=L)	64	48	2.7910463E-12	4.146378E-8	0.0	0.0
OR20070924_S_mix7_11.mzXML	scan=1376	1376	CID	735.03	0	-0.8303757	3	IMKGEADAMSLDGGYLYIAGK	Q29443|TRFE_BOVIN(pre=K,post=C)	61	28	7.306105E-12	1.0856872E-7	0.0	0.0
OR20070924_S_mix7_11.mzXML	scan=1003	1003	CID	588.52246	0	-3.1112645	4	HQGVMVGMGQKDSYVGDEAQSK	P62739|ACTA_BOVIN(pre=R,post=R)	37	8	8.536378E-12	1.2685058E-7	0.0	0.0
OR20070924_S_mix7_11.mzXML	scan=998	998	CID	488.72644	0	-2.6850448	2	AGFAGDDAPR	P62739|ACTA_BOVIN(pre=K,post=A)	55	53	9.378798E-12	1.392939E-7	0.0	0.0
OR20070924_S_mix7_11.mzXML	scan=1359	1359	CID	899.786	1	0.49840656	3	IAAYGPHAANVVGLTDQTDLFYTMK	P00634|PPB_ECOLI(pre=R,post=A)	65	13	2.7523261E-11	4.0899567E-7	0.0	0.0
OR20070924_S_mix7_11.mzXML	scan=1662	1662	CID	899.44855	0	-2.8500454	3	IAAYGPHAANVVGLTDQTDLFYTMK	P00634|PPB_ECOLI(pre=R,post=A)	54	6	4.4620824E-11	6.6306546E-7	0.0	0.0
OR20070924_S_mix7_11.mzXML	scan=1034	1034	CID	646.7914	0	-6.2281213	4	LVQFHFHWGSSDDQGSEHTVDR	P00921|CAH2_BOVIN(pre=R,post=K)	44	7	2.9739095E-10	4.4192293E-6	0.0	0.0
OR20070924_S_mix7_11.mzXML	scan=1021	1021	CID	542.2515	0	-5.5153484	5	KQYAYGAQHDYFDHHDIVGWTR	P06278|AMY_BACLI(pre=R,post=E)	46	5	3.6233236E-10	5.3842587E-6	0.0	0.0
OR20070924_S_mix7_11.mzXML	scan=1081	1081	CID	655.3497	0	0.37253505	4	VIHDHFGIVEGLMTTVHAITATQK	P46406|G3P_RABIT(pre=K,post=T)	46	2	4.3987372E-10	6.5365234E-6	0.0	0.0
OR20070924_S_mix7_11.mzXML	scan=1323	1323	CID	724.4053	1	0.9710641	2	TMITDSLAVVLQR	P00722|BGAL_ECOLI(pre=M,post=R)	64	29	1.0833985E-9	1.6097134E-5	0.0	0.0
OR20070924_S_mix7_11.mzXML	scan=1441	1441	CID	899.7825	1	-3.4373705	3	IAAYGPHAANVVGLTDQTDLFYTMK	P00634|PPB_ECOLI(pre=R,post=A)	55	-3	2.0616704E-9	3.0636424E-5	0.0	0.0
OR20070924_S_mix7_11.mzXML	scan=1593	1593	CID	899.7791	1	-7.169573	3	IAAYGPHAANVVGLTDQTDLFYTMK	P00634|PPB_ECOLI(pre=R,post=A)	27	-17	4.2736468E-9	6.350639E-5	0.0	0.0
OR20070924_S_mix7_11.mzXML	scan=973	973	CID	375.6976	0	-1.787037	2	VANYQR	P00432|CATA_BOVIN(pre=R,post=D)	41	37	4.6445328E-9	6.891558E-5	0.0	0.0
OR20070924_S_mix7_11.mzXML	scan=1969	1969	CID	899.7781	1	-8.323163	3	IAAYGPHAANVVGLTDQTDLFYTMK	P00634|PPB_ECOLI(pre=R,post=A)	60	-14	1.639683E-8	2.436569E-4	0.0	0.0
OR20070924_S_mix7_11.mzXML	scan=1362	1362	CID	1084.5656	2	-6.831044	3	IAAYGPHAANVVGLTDQTDLFYTMKAALGLK	P00634|PPB_ECOLI(pre=R,post=-)	66	-21	2.398438E-8	3.564079E-4	0.0	0.0
OR20070924_S_mix7_11.mzXML	scan=1001	1001	CID	458.92148	0	-1.7289573	3	RMSLVEEGAVKR	P00489|PYGM_RABIT(pre=R,post=I)	47	17	2.9445163E-8	4.3743732E-4	0.0	0.0
OR20070924_S_mix7_11.mzXML	scan=1138	1138	CID	681.7042	2	7.913739	6	RLTGDQTAALRDSLSDKPAKNIILLIGDGMGDSEITAAR	P00634|PPB_ECOLI(pre=R,post=N)	37	-40	3.721127E-8	5.529595E-4	0.0	0.0
OR20070924_S_mix7_11.mzXML	scan=1024	1024	CID	452.04407	0	-5.7383327	6	KQYAYGAQHDYFDHHDIVGWTR	P06278|AMY_BACLI(pre=R,post=E)	42	-9	5.267453E-8	7.827435E-4	0.0	0.0
OR20070924_S_mix7_11.mzXML	scan=1608	1608	CID	735.36456	1	-0.71870494	3	IMKGEADAMSLDGGYLYIAGK	Q29443|TRFE_BOVIN(pre=K,post=C)	49	-6	9.4010005E-8	0.0013969886	0.0	0.0
OR20070924_S_mix7_11.mzXML	scan=1039	1039	CID	579.06573	0	-4.743104	4	GGKGSITEQLLNARADVTLGGGAK	P00634|PPB_ECOLI(pre=K,post=T)	53	9	1.10479526E-7	0.0016417258	0.0	0.0
OR20070924_S_mix7_11.mzXML	scan=980	980	CID	485.73877	0	-3.643961	4	DGTRKPVTDAENC+57.021HLAR	Q29443|TRFE_BOVIN(pre=K,post=G)	32	-6	1.12050245E-7	0.0016650667	0.0	0.0
OR20070924_S_mix7_11.mzXML	scan=1164	1164	CID	817.4309	0	-6.0479946	5	RLTGDQTAALRDSLSDKPAKNIILLIGDGMGDSEITAAR	P00634|PPB_ECOLI(pre=R,post=N)	26	-43	1.7083298E-7	0.0025385781	0.0	0.0
OR20070924_S_mix7_11.mzXML	scan=1204	1204	CID	735.36194	1	-4.2893205	3	IMKGEADAMSLDGGYLYIAGK	Q29443|TRFE_BOVIN(pre=K,post=C)	72	0	2.0592512E-7	0.0030600473	0.0	0.0
OR20070924_S_mix7_11.mzXML	scan=1006	1006	CID	920.38873	0	-0.06631453	3	DGAVM+15.995VM+15.995SYGNSEEDSQEHTGSQLR	P00634|PPB_ECOLI(pre=K,post=I)	64	-18	2.0983727E-7	0.0031181818	0.0	0.0
OR20070924_S_mix7_11.mzXML	scan=1175	1175	CID	899.78986	1	4.7734747	3	IAAYGPHAANVVGLTDQTDLFYTMK	P00634|PPB_ECOLI(pre=R,post=A)	52	-25	2.4306308E-7	0.0036119174	0.0	0.0
OR20070924_S_mix7_11.mzXML	scan=1069	1069	CID	681.36414	0	-0.3583114	6	RLTGDQTAALRDSLSDKPAKNIILLIGDGMGDSEITAAR	P00634|PPB_ECOLI(pre=R,post=N)	52	-42	3.5273965E-7	0.005241711	0.0	0.0
OR20070924_S_mix7_11.mzXML	scan=1457	1457	CID	735.03094	0	0.41518784	3	IMKGEADAMSLDGGYLYIAGK	Q29443|TRFE_BOVIN(pre=K,post=C)	65	-10	3.9432726E-7	0.005859703	0.0	0.0
OR20070924_S_mix7_11.mzXML	scan=1000	1000	CID	617.964	0	-3.1605706	3	FSTVAGESGSADTVRDPR	P00432|CATA_BOVIN(pre=R,post=G)	79	2	4.0371359E-7	0.0059991837	0.0	0.0
OR20070924_S_mix7_11.mzXML	scan=1293	1293	CID	735.368	1	3.9313989	3	IMKGEADAMSLDGGYLYIAGK	Q29443|TRFE_BOVIN(pre=K,post=C)	39	-17	4.080152E-7	0.006063106	0.0	0.0
OR20070924_S_mix7_11.mzXML	scan=1065	1065	CID	904.78015	0	-2.833251	3	IAAYGPHAANVVGLTDQTDLFYTM+15.995K	P00634|PPB_ECOLI(pre=R,post=A)	48	-15	4.4676605E-7	0.006638943	0.0	0.0
OR20070924_S_mix7_11.mzXML	scan=1683	1683	CID	821.03296	2	-3.9855032	5	RLTGDQTAALRDSLSDKPAKNIILLIGDGM+15.995GDSEITAAR	P00634|PPB_ECOLI(pre=R,post=N)	25	-56	6.498287E-7	0.009656454	0.0	0.0
OR20070924_S_mix7_11.mzXML	scan=1058	1058	CID	841.4119	0	-4.4248576	3	VVQPNATAWSEAGHISAWQQWR	P00722|BGAL_ECOLI(pre=R,post=L)	59	-2	6.881301E-7	0.010225614	0.0	0.0
OR20070924_S_mix7_11.mzXML	scan=1163	1163	CID	813.18274	0	3.6027548	4	IAAYGPHAANVVGLTDQTDLFYTMKAALGLK	P00634|PPB_ECOLI(pre=R,post=-)	43	-28	8.0636613E-7	0.011982601	0.0	0.0
OR20070924_S_mix7_11.mzXML	scan=979	979	CID	523.75354	0	-1.5149412	2	THFSGDVQR	P00432|CATA_BOVIN(pre=R,post=F)	33	-4	8.878375E-7	0.013184386	0.0	0.0
OR20070924_S_mix7_11.mzXML	scan=1073	1073	CID	1164.8802	1	-5.851939	3	FRC+57.021PETLFQPSFIGMESAGIHETTYNSIMK	P62739|ACTA_BOVIN(pre=R,post=C)	34	-38	1.013324E-6	0.015057995	0.0	0.0
OR20070924_S_mix7_11.mzXML	scan=1272	1272	CID	899.7831	1	-2.7587883	3	IAAYGPHAANVVGLTDQTDLFYTMK	P00634|PPB_ECOLI(pre=R,post=A)	37	-30	1.0701182E-6	0.015901957	0.0	0.0
OR20070924_S_mix7_11.mzXML	scan=1015	1015	CID	720.0025	0	-3.560359	3	GGADATEDVTAVEVDPADRNR	P06278|AMY_BACLI(pre=K,post=V)	44	-15	1.1280416E-6	0.016762698	0.0	0.0
OR20070924_S_mix7_11.mzXML	scan=989	989	CID	338.51147	0	-3.6962295	3	HKEMPFPK	P02666|CASB_BOVIN(pre=K,post=Y)	39	12	1.2759735E-6	0.018945655	0.0	0.0
OR20070924_S_mix7_11.mzXML	scan=992	992	CID	508.61755	0	-3.0600433	3	TKYGTKGELQSAIK	P06278|AMY_BACLI(pre=R,post=S)	27	-12	1.5963071E-6	0.023719527	0.0	0.0
OR20070924_S_mix7_11.mzXML	scan=1042	1042	CID	822.061	0	-7.6473317	3	VIPAADLSEQISTAGTEASGTGNM+15.995K	P00489|PYGM_RABIT(pre=K,post=F)	67	2	1.8579569E-6	0.02760924	0.0	0.0
OR20070924_S_mix7_11.mzXML	scan=1055	1055	CID	768.3854	0	-3.892202	5	MSGIFRDVSLLHKPTTQISDFHVATRFNDDFSR	P00722|BGAL_ECOLI(pre=R,post=A)	30	-41	2.2415538E-6	0.03330949	0.0	0.0
OR20070924_S_mix7_11.mzXML	scan=1029	1029	CID	526.27344	0	-3.595247	5	ARPEFTLPVHFYGRVEHTSQGAK	P00489|PYGM_RABIT(pre=K,post=W)	27	-21	2.9570633E-6	0.04394196	0.0	0.0
OR20070924_S_mix7_11.mzXML	scan=1007	1007	CID	421.63498	0	-2.388506	5	TKYGTKGELQSAIKSLHSR	P06278|AMY_BACLI(pre=R,post=D)	18	-20	3.204059E-6	0.04761232	0.0	0.0
OR20070924_S_mix7_11.mzXML	scan=1030	1030	CID	742.801	0	-2.9580722	5	KEGNTLVIVTADHAHASQIVAPDTKAPGLTQALNTK	P00634|PPB_ECOLI(pre=K,post=D)	26	-39	3.9227066E-6	0.058291417	0.0	0.0
OR20070924_S_mix7_11.mzXML	scan=976	976	CID	396.52496	0	-4.6946945	3	HQGVMVGM+15.995GQK	P62739|ACTA_BOVIN(pre=R,post=D)	31	-4	4.0254845E-6	0.059794545	0.0	0.0
OR20070924_S_mix7_11.mzXML	scan=2103	2103	CID	899.7874	1	2.0591457	3	IAAYGPHAANVVGLTDQTDLFYTMK	P00634|PPB_ECOLI(pre=R,post=A)	31	-42	5.1432844E-6	0.0764292	0.0	0.0
OR20070924_S_mix7_11.mzXML	scan=1040	1040	CID	771.7522	0	-7.196817	3	VYVEELKPTPEGDLEILLQK	P02754|LACB_BOVIN(pre=R,post=W)	62	-2	5.5711052E-6	0.08278662	0.0	0.0
OR20070924_S_mix7_11.mzXML	scan=1059	1059	CID	735.0271	0	-4.816179	3	IMKGEADAMSLDGGYLYIAGK	Q29443|TRFE_BOVIN(pre=K,post=C)	48	-12	5.648063E-6	0.08393022	0.0	0.0
OR20070924_S_mix7_11.mzXML	scan=1432	1432	CID	773.0896	2	-3.0271995	3	LFTGHPETLEKFDKFKHLK	P68082|MYG_HORSE(pre=R,post=T)	43	-29	7.566704E-6	0.11244122	0.0	0.0
OR20070924_S_mix7_11.mzXML	scan=1776	1776	CID	735.0273	0	-4.567066	3	IMKGEADAMSLDGGYLYIAGK	Q29443|TRFE_BOVIN(pre=K,post=C)	46	-25	8.4332905E-6	0.12531869	0.012820513	0.0
OR20070924_S_mix7_11.mzXML	scan=1251	1251	CID	817.4382	0	2.8373308	5	RLTGDQTAALRDSLSDKPAKNIILLIGDGMGDSEITAAR	P00634|PPB_ECOLI(pre=R,post=N)	32	-60	9.849504E-6	0.14636363	0.012820513	0.0
OR20070924_S_mix7_11.mzXML	scan=1137	1137	CID	735.36755	1	3.3501358	3	IMKGEADAMSLDGGYLYIAGK	Q29443|TRFE_BOVIN(pre=K,post=C)	45	-27	1.11014915E-5	0.16496816	0.012820513	0.0
OR20070924_S_mix7_11.mzXML	scan=1092	1092	CID	813.1852	0	6.6050506	4	IAAYGPHAANVVGLTDQTDLFYTMKAALGLK	P00634|PPB_ECOLI(pre=R,post=-)	53	-12	1.1184524E-5	0.16620202	0.012820513	0.0
OR20070924_S_mix7_11.mzXML	scan=2430	2430	CID	674.8497	-1	-5.8307376	2	RDTHKSEIAHR	P02769|ALBU_BOVIN(pre=R,post=F)	43	-22	1.2607958E-5	0.1872786	0.012820513	0.02
OR20070924_S_mix7_11.mzXML	scan=1304	1304	CID	823.0681	1	-2.5709155	3	IDGSGQMAITVDVEVASDTPHPAR	P00722|BGAL_ECOLI(pre=R,post=I)	28	-40	1.2685097E-5	0.18850055	0.012820513	0.02
OR20070924_S_mix7_11.mzXML	scan=1689	1689	CID	823.072	1	2.1769636	3	IDGSGQMAITVDVEVASDTPHPAR	P00722|BGAL_ECOLI(pre=R,post=I)	32	-35	1.5978161E-5	0.23743549	0.012820513	0.02
OR20070924_S_mix7_11.mzXML	scan=1043	1043	CID	740.3579	0	-5.8532104	3	IM+15.995KGEADAMSLDGGYLYIAGK	Q29443|TRFE_BOVIN(pre=K,post=C)	40	-13	1.668253E-5	0.2479024	0.012820513	0.02
OR20070924_S_mix7_11.mzXML	scan=1070	1070	CID	733.40845	0	-3.2456176	3	AVVQDPALKPLALVYGEATSR	P00921|CAH2_BOVIN(pre=K,post=R)	33	-18	1.6881102E-5	0.25085318	0.012820513	0.02
OR20070924_S_mix7_11.mzXML	scan=1054	1054	CID	636.64197	0	-4.985239	3	LFTFHADIC+57.021TLPDTEK	P02769|ALBU_BOVIN(pre=K,post=Q)	31	-23	1.781445E-5	0.2647227	0.012820513	0.02
OR20070924_S_mix7_11.mzXML	scan=2488	2488	CID	719.8738	-1	3.5147173	2	VYLPRM+15.995KMEEK	P01012|OVAL_CHICK(pre=K,post=Y)	37	-23	1.813499E-5	0.2693771	0.012820513	0.02
OR20070924_S_mix7_11.mzXML	scan=1458	1458	CID	496.26074	1	-3.5882034	3	DINVYGDVVINHK	P06278|AMY_BACLI(pre=R,post=G)	30	-23	1.8140701E-5	0.26953456	0.012820513	0.02
OR20070924_S_mix7_11.mzXML	scan=1790	1790	CID	495.92334	0	-9.538126	3	DINVYGDVVINHK	P06278|AMY_BACLI(pre=R,post=G)	0	-33	2.7089527E-5	0.40249622	0.024691358	0.02
OR20070924_S_mix7_11.mzXML	scan=2434	2434	CID	727.86237	-1	-8.67442	2	VYLPRM+15.995KM+15.995EEK	P01012|OVAL_CHICK(pre=K,post=Y)	48	-14	2.9370152E-5	0.43626425	0.024691358	0.039215688
OR20070924_S_mix7_11.mzXML	scan=1730	1730	CID	817.6337	1	-3.4192157	5	RLTGDQTAALRDSLSDKPAKNIILLIGDGMGDSEITAAR	P00634|PPB_ECOLI(pre=R,post=N)	55	-70	2.9567314E-5	0.4393703	0.024691358	0.0
OR20070924_S_mix7_11.mzXML	scan=1537	1537	CID	735.69684	2	-3.6794243	3	IMKGEADAMSLDGGYLYIAGK	Q29443|TRFE_BOVIN(pre=K,post=C)	34	-35	3.3616183E-5	0.49953648	0.032608695	0.0
OR20070924_S_mix7_11.mzXML	scan=1544	1544	CID	1084.234	1	-4.147558	3	IAAYGPHAANVVGLTDQTDLFYTMKAALGLK	P00634|PPB_ECOLI(pre=R,post=-)	56	-55	3.423438E-5	0.5087229	0.032608695	0.0
OR20070924_S_mix7_11.mzXML	scan=1761	1761	CID	899.78735	1	1.9912876	3	IAAYGPHAANVVGLTDQTDLFYTMK	P00634|PPB_ECOLI(pre=R,post=A)	41	-47	3.728278E-5	0.55402213	0.032608695	0.0
OR20070924_S_mix7_11.mzXML	scan=1147	1147	CID	1183.0782	1	8.078235	2	ELNYGPHQWRGDFQFNISR	P00722|BGAL_ECOLI(pre=R,post=Y)	34	-63	3.737986E-5	0.55546474	0.032608695	0.054545455
OR20070924_S_mix7_11.mzXML	scan=1382	1382	CID	910.0566	1	-3.734008	3	DGAVMVMSYGNSEEDSQEHTGSQLR	P00634|PPB_ECOLI(pre=K,post=I)	50	-38	3.7964703E-5	0.56415546	0.032608695	0.0
OR20070924_S_mix7_11.mzXML	scan=988	988	CID	412.88354	0	-0.81304544	3	FHYKTDQGIK	P00432|CATA_BOVIN(pre=K,post=N)	34	-12	4.0308947E-5	0.5986685	0.032608695	0.054545455
OR20070924_S_mix7_11.mzXML	scan=2605	2605	CID	733.7407	1	-6.212876	3	AVVQDPALKPLALVYGEATSR	P00921|CAH2_BOVIN(pre=K,post=R)	45	-32	4.1033123E-5	0.6097522	0.032608695	0.02
OR20070924_S_mix7_11.mzXML	scan=1195	1195	CID	878.48694	1	-8.385954	3	+42.011KWVTFISLLLLFSSAYSRGVFR	P02769|ALBU_BOVIN(pre=M,post=R)	51	-39	4.1890744E-5	0.6224965	0.032608695	0.054545455
OR20070924_S_mix7_11.mzXML	scan=1215	1215	CID	823.4035	2	-1.4325505	3	IDGSGQMAITVDVEVASDTPHPAR	P00722|BGAL_ECOLI(pre=R,post=I)	48	-42	4.2995758E-5	0.63891697	0.032608695	0.02
OR20070924_S_mix7_11.mzXML	scan=1005	1005	CID	501.75696	0	-3.5276308	2	QSPVDIDTK	P00921|CAH2_BOVIN(pre=R,post=A)	23	-5	4.2998116E-5	0.638522	0.032608695	0.054545455
OR20070924_S_mix7_11.mzXML	scan=1233	1233	CID	579.06683	0	-2.8458624	4	GGKGSITEQLLNARADVTLGGGAK	P00634|PPB_ECOLI(pre=K,post=T)	28	-34	4.974259E-5	0.7391749	0.032608695	0.0
OR20070924_S_mix7_11.mzXML	scan=1659	1659	CID	579.31714	-1	-1.9228381	4	LFTGHPETLEKFDKFKHLK	P68082|MYG_HORSE(pre=R,post=T)	34	-34	5.0667655E-5	0.75292134	0.043010753	0.0
OR20070924_S_mix7_11.mzXML	scan=1052	1052	CID	640.4884	0	-4.8600063	6	MSGIFRDVSLLHKPTTQISDFHVATRFNDDFSR	P00722|BGAL_ECOLI(pre=R,post=A)	19	-53	5.4055305E-5	0.8032618	0.05263158	0.0
OR20070924_S_mix7_11.mzXML	scan=1377	1377	CID	495.9272	0	-1.7845527	3	DINVYGDVVINHK	P06278|AMY_BACLI(pre=R,post=G)	27	-28	5.4906825E-5	0.81580555	0.05263158	0.02
OR20070924_S_mix7_11.mzXML	scan=1499	1499	CID	813.17834	0	-1.8013774	4	IAAYGPHAANVVGLTDQTDLFYTMKAALGLK	P00634|PPB_ECOLI(pre=R,post=-)	52	-46	6.967287E-5	1.0353389	0.08163265	0.0
OR20070924_S_mix7_11.mzXML	scan=1053	1053	CID	549.13385	0	-5.001637	7	MSGIFRDVSLLHKPTTQISDFHVATRFNDDFSR	P00722|BGAL_ECOLI(pre=R,post=A)	35	-59	7.08845E-5	1.0533437	0.08163265	0.0
OR20070924_S_mix7_11.mzXML	scan=2143	2143	CID	573.31995	1	9.538698	7	+42.011MSFVSLLLVGILFHATQAEQLTKC+57.021EVFRELKDLK	P00711|LALBA_BOVIN(pre=M,post=G)	26	-66	7.3350595E-5	1.0899899	0.08163265	0.14285715
OR20070924_S_mix7_11.mzXML	scan=1151	1151	CID	611.83813	0	-4.3892903	6	LFTFHADIC+57.021TLPDTEKQIKKQTALVELLKHK	P02769|ALBU_BOVIN(pre=K,post=P)	53	-64	7.5535216E-5	1.1224533	0.09	0.15517241
OR20070924_S_mix7_11.mzXML	scan=2128	2128	CID	942.86224	2	-3.9068813	3	IHEYKRQLLNC+57.021LHVITLYNRIK	P00489|PYGM_RABIT(pre=R,post=K)	21	-58	8.039606E-5	1.1946853	0.09	0.15517241
OR20070924_S_mix7_11.mzXML	scan=1100	1100	CID	1048.5406	1	1.6504706	3	LNSLTVGPRGPLLVQDVVFTDEM+15.995AHFDR	P00432|CATA_BOVIN(pre=K,post=E)	33	-48	8.8588946E-5	1.3164318	0.1262136	0.20338982
OR20070924_S_mix7_11.mzXML	scan=1628	1628	CID	581.2789	1	-8.788899	3	GAGAFGYFEVTHDITR	P00432|CATA_BOVIN(pre=K,post=Y)	15	-37	9.213442E-5	1.3691175	0.1262136	0.0
OR20070924_S_mix7_11.mzXML	scan=1466	1466	CID	910.0555	1	-4.9416614	3	DGAVMVMSYGNSEEDSQEHTGSQLR	P00634|PPB_ECOLI(pre=K,post=I)	61	-47	9.631958E-5	1.431309	0.1262136	0.0
OR20070924_S_mix7_11.mzXML	scan=1616	1616	CID	496.26035	1	-4.3881755	3	DINVYGDVVINHK	P06278|AMY_BACLI(pre=R,post=G)	32	-33	9.744664E-5	1.4478621	0.13461539	0.02
OR20070924_S_mix7_11.mzXML	scan=1715	1715	CID	543.2532	0	-6.628678	5	LVQFHFHWGSSDDQGSEHTVDRK	P00921|CAH2_BOVIN(pre=R,post=K)	16	-46	1.13693925E-4	1.6894917	0.17142858	0.23333333
OR20070924_S_mix7_11.mzXML	scan=1885	1885	CID	900.1185	2	-1.6496576	3	IAAYGPHAANVVGLTDQTDLFYTMK	P00634|PPB_ECOLI(pre=R,post=A)	29	-58	1.18960634E-4	1.767755	0.18867925	0.0
OR20070924_S_mix7_11.mzXML	scan=1019	1019	CID	638.3215	0	-2.1035962	4	TFAETATAGEWQGKTLREQAQAR	P00634|PPB_ECOLI(pre=K,post=G)	28	-25	1.2201125E-4	1.8130872	0.20560747	0.29508197
OR20070924_S_mix7_11.mzXML	scan=977	977	CID	703.80804	1	2.995524	2	+42.011ADNRDPASDQM+15.995K	P00432|CATA_BOVIN(pre=M,post=H)	11	-31	1.4084006E-4	2.0923197	0.23148148	0.32307693
OR20070924_S_mix7_11.mzXML	scan=1089	1089	CID	745.3834	0	5.5681596	5	FKDLGEEHFKGLVLIAFSQYLQQC+57.021PFDEHVK	P02769|ALBU_BOVIN(pre=R,post=L)	28	-53	1.426086E-4	2.1191638	0.23214285	0.32307693
OR20070924_S_mix7_11.mzXML	scan=1060	1060	CID	585.4451	1	-8.321555	5	GSTYSDFKWHWYHFDGTDWDESR	P06278|AMY_BACLI(pre=R,post=K)	37	-37	1.4593902E-4	2.1686537	0.23214285	0.32307693
OR20070924_S_mix7_11.mzXML	scan=1119	1119	CID	849.0945	0	-4.241058	3	PVQMMYQIGLFRVASMASEKMK	P01012|OVAL_CHICK(pre=K,post=I)	25	-53	1.4946773E-4	2.2210906	0.23214285	0.32307693
OR20070924_S_mix7_11.mzXML	scan=1470	1470	CID	581.28326	1	-1.2245051	3	GAGAFGYFEVTHDITR	P00432|CATA_BOVIN(pre=K,post=Y)	14	-40	1.5054851E-4	2.237151	0.23214285	0.0
OR20070924_S_mix7_11.mzXML	scan=995	995	CID	560.7756	0	-3.1563678	4	ATYHGNIDKPAVTC+57.021TPNPQR	P00634|PPB_ECOLI(pre=K,post=N)	41	-31	1.6739822E-4	2.4875376	0.23893805	0.33333334
OR20070924_S_mix7_11.mzXML	scan=1035	1035	CID	495.92572	0	-4.738295	3	DINVYGDVVINHK	P06278|AMY_BACLI(pre=R,post=G)	20	-33	1.8760482E-4	2.7874324	0.2521739	0.02
OR20070924_S_mix7_11.mzXML	scan=1079	1079	CID	897.48114	2	-5.1426783	5	IGEEYISDLDQLRKLLSYVDDEAFIRDVAKVKQENKLK	P00489|PYGM_RABIT(pre=R,post=F)	33	-80	1.9768256E-4	2.9375627	0.2521739	0.3432836
OR20070924_S_mix7_11.mzXML	scan=1468	1468	CID	822.73663	2	0.5709248	3	VIPAADLSEQISTAGTEASGTGNM+15.995K	P00489|PYGM_RABIT(pre=K,post=F)	44	-50	2.3824009E-4	3.5402477	0.28448275	0.0
OR20070924_S_mix7_11.mzXML	scan=1088	1088	CID	482.94168	0	8.278092	3	TMITDSLAVVLQR	P00722|BGAL_ECOLI(pre=M,post=R)	27	-32	2.6903072E-4	3.9972584	0.2857143	0.0
OR20070924_S_mix7_11.mzXML	scan=1869	1869	CID	735.0264	0	-5.7295923	3	IMKGEADAMSLDGGYLYIAGK	Q29443|TRFE_BOVIN(pre=K,post=C)	25	-46	2.7573077E-4	4.097359	0.2857143	0.0
OR20070924_S_mix7_11.mzXML	scan=1387	1387	CID	823.0719	1	2.0285923	3	IDGSGQMAITVDVEVASDTPHPAR	P00722|BGAL_ECOLI(pre=R,post=I)	8	-55	2.8918032E-4	4.2972193	0.2857143	0.02
OR20070924_S_mix7_11.mzXML	scan=1613	1613	CID	823.405	2	0.42208967	3	IDGSGQMAITVDVEVASDTPHPAR	P00722|BGAL_ECOLI(pre=R,post=I)	34	-48	3.16411E-4	4.7018676	0.2857143	0.02
OR20070924_S_mix7_11.mzXML	scan=1706	1706	CID	453.04626	1	-6.2435966	6	LVQFHFHWGSSDDQGSEHTVDRK	P00921|CAH2_BOVIN(pre=R,post=K)	19	-47	3.2248176E-4	4.792079	0.2857143	0.23333333
OR20070924_S_mix7_11.mzXML	scan=1406	1406	CID	1000.15326	2	-7.28583	3	KSVDDYQEC+57.021YLAM+15.995VPSHAVVARTVGGK	Q29443|TRFE_BOVIN(pre=R,post=E)	58	-55	3.2930548E-4	4.8934793	0.2857143	0.3888889
OR20070924_S_mix7_11.mzXML	scan=1010	1010	CID	497.5149	0	-3.8644068	4	LTGDQTAALRDSLSDKPAK	P00634|PPB_ECOLI(pre=R,post=N)	21	-35	3.297755E-4	4.900464	0.2857143	0.3888889
OR20070924_S_mix7_11.mzXML	scan=1696	1696	CID	332.86966	2	4.536242	3	HLHFTLVK	P00489|PYGM_RABIT(pre=R,post=D)	16	-24	3.385182E-4	5.026318	0.2857143	0.3888889
OR20070924_S_mix7_11.mzXML	scan=985	985	CID	427.18793	1	5.6973853	3	GYNAQEYYDR	P00489|PYGM_RABIT(pre=R,post=I)	40	-20	3.650613E-4	5.4218907	0.2857143	0.3888889
OR20070924_S_mix7_11.mzXML	scan=2178	2178	CID	596.1565	1	-0.90403104	6	TKYGTKGELQSAIKSLHSRDINVYGDVVINHK	P06278|AMY_BACLI(pre=R,post=G)	25	-65	3.7073257E-4	5.509086	0.2857143	0.3888889
OR20070924_S_mix7_11.mzXML	scan=1208	1208	CID	681.5327	1	1.6278455	6	RLTGDQTAALRDSLSDKPAKNIILLIGDGMGDSEITAAR	P00634|PPB_ECOLI(pre=R,post=N)	12	-83	3.936364E-4	5.849437	0.2890625	0.0
OR20070924_S_mix7_11.mzXML	scan=1004	1004	CID	536.53973	0	-4.3227477	4	RLTGDQTAALRDSLSDKPAK	P00634|PPB_ECOLI(pre=R,post=N)	33	-22	3.9458502E-4	5.863533	0.2890625	0.39726028
OR20070924_S_mix7_11.mzXML	scan=2274	2274	CID	800.3868	-1	-7.1914034	3	RWQFNRQSGFLSQM+15.995WIGDK	P00722|BGAL_ECOLI(pre=K,post=K)	34	-45	3.999909E-4	5.943865	0.29457363	0.4054054
OR20070924_S_mix7_11.mzXML	scan=1364	1364	CID	817.43225	1	3.455061	4	IAAYGPHAANVVGLTDQTDLFYTM+15.995KAALGLK	P00634|PPB_ECOLI(pre=R,post=-)	31	-63	4.5608473E-4	6.777419	0.30597016	0.41558442
OR20070924_S_mix7_11.mzXML	scan=993	993	CID	381.71536	0	-2.0786572	4	TKYGTKGELQSAIK	P06278|AMY_BACLI(pre=R,post=S)	25	-25	4.6328444E-4	6.883943	0.30597016	0.0
OR20070924_S_mix7_11.mzXML	scan=1243	1243	CID	655.85297	0	-0.8375596	2	RLC+57.021ENIAGHLK	P00432|CATA_BOVIN(pre=K,post=D)	32	-38	4.6754858E-4	6.944967	0.30597016	0.41558442
OR20070924_S_mix7_11.mzXML	scan=1649	1649	CID	910.06024	1	0.29150206	3	DGAVMVMSYGNSEEDSQEHTGSQLR	P00634|PPB_ECOLI(pre=K,post=I)	42	-60	4.7602717E-4	7.073764	0.30597016	0.0
OR20070924_S_mix7_11.mzXML	scan=1675	1675	CID	717.3819	1	-4.1524825	5	EGNTLVIVTADHAHASQIVAPDTKAPGLTQALNTK	P00634|PPB_ECOLI(pre=K,post=D)	24	-67	4.8099924E-4	7.1476483	0.30597016	0.41558442
OR20070924_S_mix7_11.mzXML	scan=2368	2368	CID	980.0406	2	-4.860505	2	HLQIIYEINQRFLNR	P00489|PYGM_RABIT(pre=R,post=V)	25	-68	4.954663E-4	7.3626294	0.31851852	0.43589744
OR20070924_S_mix7_11.mzXML	scan=1237	1237	CID	1000.82245	0	-9.330618	3	FNSANDDNVTQVRTFYLKVLNEEQR	P00432|CATA_BOVIN(pre=R,post=K)	34	-72	5.1908154E-4	7.713552	0.3211679	0.4375
OR20070924_S_mix7_11.mzXML	scan=2121	2121	CID	580.95	0	3.4670231	3	M+15.995PC+57.021TEDYLSLILNR	P02769|ALBU_BOVIN(pre=R,post=L)	20	-48	5.2696385E-4	7.830156	0.3211679	0.4375
OR20070924_S_mix7_11.mzXML	scan=1843	1843	CID	452.87897	2	7.38156	3	NYELLC+57.021GDNTR	Q29443|TRFE_BOVIN(pre=K,post=K)	39	-37	5.784477E-4	8.592262	0.33802816	0.45238096
OR20070924_S_mix7_11.mzXML	scan=2565	2565	CID	869.4326	2	-8.311847	3	MPC+57.021TEDYLSLILNRLC+57.021VLHEK	P02769|ALBU_BOVIN(pre=R,post=T)	33	-62	5.798735E-4	8.61692	0.33802816	0.45238096
OR20070924_S_mix7_11.mzXML	scan=1146	1146	CID	957.1744	-1	7.563577	3	LTEWTSSNVM+15.995EERKIKVYLPRM+15.995K	P01012|OVAL_CHICK(pre=K,post=M)	32	-53	5.8073894E-4	8.629781	0.33802816	0.45238096
OR20070924_S_mix7_11.mzXML	scan=2448	2448	CID	733.74396	2	-1.0249479	3	QEYFVVAATLQDIIRRFK	P00489|PYGM_RABIT(pre=K,post=S)	25	-50	6.4828654E-4	9.633537	0.33802816	0.45238096
OR20070924_S_mix7_11.mzXML	scan=1708	1708	CID	526.27435	0	-1.8556114	5	ARPEFTLPVHFYGRVEHTSQGAK	P00489|PYGM_RABIT(pre=K,post=W)	5	-55	6.658926E-4	9.895164	0.34246576	0.0
OR20070924_S_mix7_11.mzXML	scan=1033	1033	CID	517.63495	0	-5.4239035	5	LVQFHFHWGSSDDQGSEHTVDR	P00921|CAH2_BOVIN(pre=R,post=K)	34	-33	6.6964026E-4	9.950854	0.34246576	0.0
OR20070924_S_mix7_11.mzXML	scan=1064	1064	CID	700.0935	0	6.18992	4	DDTKC+57.021LASIAKKTYDSYLGDDYVR	Q29443|TRFE_BOVIN(pre=R,post=A)	28	-43	6.737925E-4	10.012557	0.34246576	0.45348838
OR20070924_S_mix7_11.mzXML	scan=1049	1049	CID	423.22537	0	-3.749558	4	ARPEFTLPVHFYGR	P00489|PYGM_RABIT(pre=K,post=V)	27	-33	6.9051073E-4	10.260299	0.34246576	0.45348838
OR20070924_S_mix7_11.mzXML	scan=1300	1300	CID	1274.3534	2	3.8666751	3	VVHAKGAGAFGYFEVTHDITRYSKAKVFEHIGKR	P00432|CATA_BOVIN(pre=R,post=T)	43	-97	7.7055127E-4	11.450392	0.3489933	0.46067417
OR20070924_S_mix7_11.mzXML	scan=2292	2292	CID	899.41797	2	-5.568422	2	DDPHAC+57.021YSTVFDKLK	P02769|ALBU_BOVIN(pre=K,post=H)	47	-51	7.70785E-4	11.453865	0.3489933	0.46067417
OR20070924_S_mix7_11.mzXML	scan=2280	2280	CID	875.4545	-1	-6.705794	5	LSELFASLLNM+15.995QGEEKSRALAILKSALDSQQGEPWQTIR	P00946|MANA_ECOLI(pre=R,post=L)	41	-87	7.803126E-4	11.595446	0.3489933	0.46067417
OR20070924_S_mix7_11.mzXML	scan=1784	1784	CID	332.87006	2	5.7304907	3	HLHFTLVK	P00489|PYGM_RABIT(pre=R,post=D)	13	-26	8.098319E-4	12.024384	0.35099337	0.3888889
OR20070924_S_mix7_11.mzXML	scan=2146	2146	CID	511.13248	1	-6.2019877	7	TKYGTKGELQSAIKSLHSRDINVYGDVVINHK	P06278|AMY_BACLI(pre=R,post=G)	9	-75	8.2227093E-4	12.218946	0.35099337	0.3888889
OR20070924_S_mix7_11.mzXML	scan=2419	2419	CID	681.86914	1	4.7043815	2	LWSAEIPNLYR	P00722|BGAL_ECOLI(pre=K,post=A)	33	-48	8.7220065E-4	12.955668	0.35947713	0.47252747
OR20070924_S_mix7_11.mzXML	scan=1388	1388	CID	1186.5919	0	9.053058	2	KDLYANNVLSGGTTM+15.995YPGIADR	P62739|ACTA_BOVIN(pre=R,post=M)	67	-86	8.912226E-4	13.243568	0.3653846	0.4787234
OR20070924_S_mix7_11.mzXML	scan=2223	2223	CID	776.0869	2	8.712744	3	HRLGPNYLQIPVNC+57.021PYRAR	P00432|CATA_BOVIN(pre=R,post=V)	43	-52	9.08098E-4	13.494337	0.3653846	0.4787234
OR20070924_S_mix7_11.mzXML	scan=2290	2290	CID	572.8903	0	0.53269523	7	VKQENKLKFAAYLEREYKVHINPNSLFDVQVKR	P00489|PYGM_RABIT(pre=K,post=I)	18	-84	9.138325E-4	13.579552	0.3653846	0.47252747
OR20070924_S_mix7_11.mzXML	scan=2319	2319	CID	985.5261	-1	-3.1787753	3	INM+15.995AHLC+57.021IAGSHAVNGVARIHSEILKK	P00489|PYGM_RABIT(pre=R,post=T)	49	-64	9.5518585E-4	14.194062	0.36942676	0.4787234
OR20070924_S_mix7_11.mzXML	scan=1202	1202	CID	496.2585	1	-8.080354	3	DINVYGDVVINHK	P06278|AMY_BACLI(pre=R,post=G)	11	-48	9.738877E-4	14.470023	0.37341774	0.02
OR20070924_S_mix7_11.mzXML	scan=1693	1693	CID	495.92703	0	-2.0922341	3	DINVYGDVVINHK	P06278|AMY_BACLI(pre=R,post=G)	23	-48	0.0010850494	16.121662	0.3836478	0.02
OR20070924_S_mix7_11.mzXML	scan=1128	1128	CID	1061.9131	2	2.4552083	3	QSPVDIDTKAVVQDPALKPLALVYGEATSR	P00921|CAH2_BOVIN(pre=R,post=R)	32	-55	0.0011225672	16.681349	0.38509318	0.51578945
OR20070924_S_mix7_11.mzXML	scan=1716	1716	CID	518.0359	2	-6.20049	5	LVQFHFHWGSSDDQGSEHTVDR	P00921|CAH2_BOVIN(pre=R,post=K)	20	-54	0.0011772017	17.493217	0.38554215	0.0
OR20070924_S_mix7_11.mzXML	scan=2235	2235	CID	673.8428	0	-4.6194434	2	MSRPLSDQEKR	P00489|PYGM_RABIT(pre=-,post=K)	36	-35	0.0012552858	18.646015	0.38554215	0.52040815
OR20070924_S_mix7_11.mzXML	scan=1572	1572	CID	910.39154	2	-3.1741388	3	DGAVMVMSYGNSEEDSQEHTGSQLR	P00634|PPB_ECOLI(pre=K,post=I)	27	-68	0.0012578211	18.691221	0.38554215	0.0
OR20070924_S_mix7_11.mzXML	scan=1429	1429	CID	796.91895	-1	0.036951367	2	MTM+15.995ITDSLAVVLQR	P00722|BGAL_ECOLI(pre=-,post=R)	53	-41	0.0012678561	18.839073	0.38554215	0.52040815
OR20070924_S_mix7_11.mzXML	scan=1429	1429	CID	796.91895	-1	0.036951367	2	M+15.995TMITDSLAVVLQR	P00722|BGAL_ECOLI(pre=-,post=R)	53	-41	0.0012678561	18.839073	0.38554215	0.52040815
OR20070924_S_mix7_11.mzXML	scan=981	981	CID	504.25055	0	-3.9338276	3	KPVTDAENC+57.021HLAR	Q29443|TRFE_BOVIN(pre=R,post=G)	32	-41	0.0012831921	19.065668	0.4011976	0.52884614
OR20070924_S_mix7_11.mzXML	scan=2189	2189	CID	760.057	1	-2.3021157	3	LFTFHADIC+57.021TLPDTEKQIK	P02769|ALBU_BOVIN(pre=K,post=K)	45	-47	0.0013701485	20.360407	0.41040462	0.52884614
OR20070924_S_mix7_11.mzXML	scan=1648	1648	CID	817.6807	2	0.56146294	4	IAAYGPHAANVVGLTDQTDLFYTM+15.995KAALGLK	P00634|PPB_ECOLI(pre=R,post=-)	41	-69	0.0014440755	21.458961	0.41040462	0.41558442
OR20070924_S_mix7_11.mzXML	scan=1126	1126	CID	1059.0142	0	-4.1496263	2	PNDVYSFSLASRLYAEER	P01012|OVAL_CHICK(pre=K,post=Y)	66	-61	0.0014464845	21.494759	0.41040462	0.52884614
OR20070924_S_mix7_11.mzXML	scan=2376	2376	CID	573.17316	2	8.432977	7	TVMIGGKAAPGYHM+15.995AKMIIKLITAIGDVVNHDPVVGDR	P00489|PYGM_RABIT(pre=R,post=L)	27	-85	0.0015154827	22.520071	0.41040462	0.52884614
OR20070924_S_mix7_11.mzXML	scan=1867	1867	CID	700.0951	0	8.456652	4	DDTKC+57.021LASIAKKTYDSYLGDDYVR	Q29443|TRFE_BOVIN(pre=R,post=A)	72	-59	0.0015187226	22.568218	0.41040462	0.45348838
OR20070924_S_mix7_11.mzXML	scan=2267	2267	CID	850.46796	-1	-9.576331	2	WSIKKWLSLPGETR	P00722|BGAL_ECOLI(pre=K,post=P)	53	-45	0.0015414323	22.904142	0.41040462	0.52884614
OR20070924_S_mix7_11.mzXML	scan=1031	1031	CID	438.72842	0	-5.0777926	6	ARPEFTLPVHFYGRVEHTSQGAK	P00489|PYGM_RABIT(pre=K,post=W)	35	-48	0.0016520894	24.550049	0.41142857	0.0
OR20070924_S_mix7_11.mzXML	scan=2148	2148	CID	772.4021	0	-0.47411934	2	TVDGPSGKLWRDGR	P46406|G3P_RABIT(pre=K,post=G)	29	-53	0.0016534403	24.56847	0.41142857	0.52884614
OR20070924_S_mix7_11.mzXML	scan=1879	1879	CID	481.24518	-1	6.4593287	2	QNNFNAVR	P00722|BGAL_ECOLI(pre=K,post=C)	30	-39	0.0017480068	25.954405	0.41340783	0.5315315
OR20070924_S_mix7_11.mzXML	scan=2156	2156	CID	1202.2535	0	-7.716569	3	LSGQTIEVTSEYLFRHSDNELLHWM+15.995VALDGK	P00722|BGAL_ECOLI(pre=R,post=P)	0	-96	0.001903559	28.286886	0.41340783	0.5315315
OR20070924_S_mix7_11.mzXML	scan=1297	1297	CID	909.72906	0	3.8913264	3	DGAVMVMSYGNSEEDSQEHTGSQLR	P00634|PPB_ECOLI(pre=K,post=I)	30	-71	0.0019421988	28.861074	0.41340783	0.0
OR20070924_S_mix7_11.mzXML	scan=2219	2219	CID	573.46136	2	6.192495	7	+42.011MSFVSLLLVGILFHATQAEQLTKC+57.021EVFRELKDLK	P00711|LALBA_BOVIN(pre=M,post=G)	21	-79	0.002133695	31.706705	0.41340783	0.14285715
OR20070924_S_mix7_11.mzXML	scan=1201	1201	CID	910.05597	1	-4.4049263	3	DGAVMVMSYGNSEEDSQEHTGSQLR	P00634|PPB_ECOLI(pre=K,post=I)	24	-72	0.002457264	36.514942	0.42222223	0.0
OR20070924_S_mix7_11.mzXML	scan=3445	3445	CID	308.86133	1	-1.2176632	3	IIAPPERK	P62739|ACTA_BOVIN(pre=K,post=Y)	11	-28	0.002591195	38.474064	0.42391303	0.5315315
OR20070924_S_mix7_11.mzXML	scan=3445	3445	CID	308.86133	1	-1.2176632	3	LDAVKHIK	P06278|AMY_BACLI(pre=R,post=F)	11	-28	0.002591195	38.474064	0.42391303	0.5315315
OR20070924_S_mix7_11.mzXML	scan=1245	1245	CID	1062.5437	0	-0.919079	3	+42.011MTMITDSLAVVLQRRDWENPGVTQLNR	P00722|BGAL_ECOLI(pre=-,post=L)	5	-81	0.0026050403	38.7109	0.42391303	0.5315315
OR20070924_S_mix7_11.mzXML	scan=1665	1665	CID	622.5732	0	-5.0978937	4	EGNTLVIVTADHAHASQIVAPDTK	P00634|PPB_ECOLI(pre=K,post=A)	29	-57	0.0026762586	39.7692	0.42391303	0.5315315
OR20070924_S_mix7_11.mzXML	scan=1542	1542	CID	496.25842	1	-8.264962	3	DINVYGDVVINHK	P06278|AMY_BACLI(pre=R,post=G)	11	-51	0.00289802	43.05878	0.42702702	0.02
OR20070924_S_mix7_11.mzXML	scan=1673	1673	CID	681.86346	1	-0.43223435	6	HKIPIKYLEFISDAIIHVLHSKHPGDFGADAQGAMTK	P68082|MYG_HORSE(pre=K,post=A)	33	-94	0.0033082927	49.16123	0.43010753	0.5315315
OR20070924_S_mix7_11.mzXML	scan=1179	1179	CID	661.5646	1	-5.056655	5	MKC+57.021LLLALALTC+57.021GAQALIVTQTMKGLDIQK	P02754|LACB_BOVIN(pre=-,post=V)	10	-75	0.0036020696	53.526752	0.43085107	0.53571427
OR20070924_S_mix7_11.mzXML	scan=2234	2234	CID	511.1336	1	-3.9922667	7	TKYGTKGELQSAIKSLHSRDINVYGDVVINHK	P06278|AMY_BACLI(pre=R,post=G)	28	-80	0.0037663141	55.96743	0.43386245	0.3888889
OR20070924_S_mix7_11.mzXML	scan=1982	1982	CID	813.4313	1	3.0217135	4	VEADIAGHGQEVLIRLFTGHPETLEKFDK	P68082|MYG_HORSE(pre=K,post=F)	47	-73	0.0039710216	59.009384	0.43455496	0.5409836
OR20070924_S_mix7_11.mzXML	scan=2601	2601	CID	729.4446	1	6.056155	3	MKQSTIALALLPLLFTPVTK	P00634|PPB_ECOLI(pre=-,post=A)	37	-57	0.00462484	68.72512	0.43523315	0.5409836
OR20070924_S_mix7_11.mzXML	scan=2341	2341	CID	709.36346	2	-6.572061	3	PGESAFIAANESPVTVKGHGR	P00946|MANA_ECOLI(pre=K,post=L)	34	-54	0.004761244	70.75209	0.43523315	0.5409836
OR20070924_S_mix7_11.mzXML	scan=1155	1155	CID	912.98413	-1	-9.321849	2	LNELRGKKSC+57.021HTGLGR	Q29443|TRFE_BOVIN(pre=K,post=S)	60	-48	0.005232037	77.74807	0.43814433	0.5409836
OR20070924_S_mix7_11.mzXML	scan=2163	2163	CID	867.47565	0	2.2515092	2	MTMITDSLAVVLQRR	P00722|BGAL_ECOLI(pre=-,post=D)	49	-63	0.0064651147	96.07161	0.44	0.5409836
OR20070924_S_mix7_11.mzXML	scan=1345	1345	CID	796.92017	2	-2.0295568	4	C+57.021PGNALEKGGKGSITEQLLNARADVTLGGGAK	P00634|PPB_ECOLI(pre=K,post=T)	37	-76	0.0064756013	96.22743	0.44	0.5409836
OR20070924_S_mix7_11.mzXML	scan=2387	2387	CID	817.4274	2	0.7501685	2	TVMIGGKAAPGYHMAK	P00489|PYGM_RABIT(pre=R,post=M)	39	-68	0.008093373	120.267525	0.44	0.5409836
OR20070924_S_mix7_11.mzXML	scan=2266	2266	CID	902.98175	1	1.2344973	4	LTGMAFRVPTPNVSVVDLTC+57.021RLEKAAKYDDIK	P46406|G3P_RABIT(pre=K,post=K)	36	-73	0.00901972	134.03305	0.44	0.5409836
OR20070924_S_mix7_11.mzXML	scan=1012	1012	CID	405.87573	0	-5.2632346	3	LLEAC+57.021TFHKP	Q29443|TRFE_BOVIN(pre=K,post=-)	35	-41	0.010744567	159.57831	0.44	0.5409836
OR20070924_S_mix7_11.mzXML	scan=2367	2367	CID	808.41095	-1	-3.6607738	2	TDQGIKNLSVEDAAR	P00432|CATA_BOVIN(pre=K,post=L)	38	-69	0.01124677	167.127	0.44	0.5409836
